{"loss": [0.2861616313457489, 0.1325327754020691, 0.08895451575517654, 0.06403149664402008, 0.044721569865942, 0.04466453567147255, 0.041352253407239914, 0.03526552394032478, 0.029280228540301323, 0.025410667061805725, 0.008823845535516739, 0.004961617756634951, 0.0034146809484809637, 0.0024595414288342, 0.0014449100708588958, 0.0008308712858706713, 0.0008784636156633496, 0.0003813960065599531, 0.0016056322492659092, 0.001189972972497344, 0.00036296097096055746, 0.0002442222030367702], "accuracy": [0.8990769982337952, 0.9513522386550903, 0.9684011340141296, 0.9771069288253784, 0.9841602444648743, 0.9842408895492554, 0.9851275682449341, 0.987787663936615, 0.9899641275405884, 0.9924629926681519, 0.9981862902641296, 0.998992383480072, 0.9990729689598083, 0.999637246131897, 0.9995566606521606, 0.9999194145202637, 0.9998387694358826, 1.0, 0.9995566606521606, 0.9997581839561462, 0.9999597072601318, 0.9999597072601318], "val_loss": [0.16704164445400238, 0.08870232105255127, 0.07469543814659119, 0.054854705929756165, 0.047369569540023804, 0.033593274652957916, 0.02150854282081127, 0.023063622415065765, 0.06586531549692154, 0.02840259298682213, 0.008985379710793495, 0.009238013997673988, 0.006615528836846352, 0.007519370876252651, 0.005352058447897434, 0.004542216658592224, 0.005136367864906788, 0.0051804776303470135, 0.0120018245652318, 0.0055227684788405895, 0.00514250760897994, 0.005028830375522375], "val_accuracy": [0.9306787252426147, 0.969369649887085, 0.97194904088974, 0.9800096750259399, 0.98194420337677, 0.9866193532943726, 0.9929066300392151, 0.9903272390365601, 0.9833951592445374, 0.9891988039016724, 0.9975818395614624, 0.9975818395614624, 0.9985491037368774, 0.9985491037368774, 0.9987102746963501, 0.9991939663887024, 0.9991939663887024, 0.9991939663887024, 0.9977430105209351, 0.999032735824585, 0.999032735824585, 0.9991939663887024], "lr": [0.0010000000474974513, 0.0010000000474974513, 0.0010000000474974513, 0.0010000000474974513, 0.0010000000474974513, 0.0010000000474974513, 0.0010000000474974513, 0.0010000000474974513, 0.0010000000474974513, 0.0010000000474974513, 0.00010000000474974513, 0.00010000000474974513, 0.00010000000474974513, 0.00010000000474974513, 0.00010000000474974513, 0.00010000000474974513, 0.00010000000474974513, 0.00010000000474974513, 0.00010000000474974513, 1.0000000656873453e-05, 1.0000000656873453e-05, 1.0000000656873453e-05], "final_train_accuracy": 0.9999597072601318, "final_val_accuracy": 0.9991939663887024, "test_accuracy": 0.9991939384168951, "test_precision": 0.9991943160397304, "test_recall": 0.9991939384168951, "test_f1": 0.9991938513355321}