{"loss": [0.27235010266304016, 0.12245823442935944, 0.08704838901758194, 0.06605840474367142, 0.048871152102947235, 0.038228590041399, 0.03603561967611313, 0.028407275676727295, 0.03203744813799858, 0.026422806084156036, 0.02980513870716095, 0.020710963755846024, 0.01832592859864235, 0.022942576557397842, 0.017951399087905884, 0.014311935752630234, 0.0028471038676798344, 0.0009332949412055314, 0.0007125599659048021, 0.000605025386903435, 0.000845465692691505, 0.00041121101821772754, 0.00025016238214448094, 0.00023715978022664785, 0.00024898044648580253], "accuracy": [0.9031074643135071, 0.9565111994743347, 0.9696908593177795, 0.976582944393158, 0.98307204246521, 0.9856515526771545, 0.9869009852409363, 0.9902059435844421, 0.9883922338485718, 0.9912135601043701, 0.9902059435844421, 0.9928257465362549, 0.9945588707923889, 0.992543637752533, 0.9944782853126526, 0.9951634407043457, 0.999274492263794, 0.9998790621757507, 0.9998790621757507, 0.9998387694358826, 0.9997178912162781, 0.9998387694358826, 0.9999597072601318, 0.9999597072601318, 0.9999194145202637], "val_loss": [0.18741437792778015, 0.11605164408683777, 0.04844512417912483, 0.09964656829833984, 0.022836579009890556, 0.029649540781974792, 0.021342212334275246, 0.03835275396704674, 0.01659075915813446, 0.023403078317642212, 0.013156415894627571, 0.014428596012294292, 0.011194580234587193, 0.04886355623602867, 0.03462431952357292, 0.01892719231545925, 0.007574735675007105, 0.00734909949824214, 0.007226436864584684, 0.007431048899888992, 0.008204866200685501, 0.007794824428856373, 0.007755300495773554, 0.007786923553794622, 0.007867474108934402], "val_accuracy": [0.9239077568054199, 0.96195387840271, 0.9812994003295898, 0.96872478723526, 0.9930678606033325, 0.9919393658638, 0.9929066300392151, 0.982589066028595, 0.9945187568664551, 0.9921005964279175, 0.9966145157814026, 0.9962921142578125, 0.9975818395614624, 0.985813319683075, 0.99000483751297, 0.995808482170105, 0.9991939663887024, 0.999355137348175, 0.999355137348175, 0.999355137348175, 0.999355137348175, 0.999355137348175, 0.999355137348175, 0.999355137348175, 0.999355137348175], "lr": [0.0010000000474974513, 0.0010000000474974513, 0.0010000000474974513, 0.0010000000474974513, 0.0010000000474974513, 0.0010000000474974513, 0.0010000000474974513, 0.0010000000474974513, 0.0010000000474974513, 0.0010000000474974513, 0.0010000000474974513, 0.0010000000474974513, 0.0010000000474974513, 0.0010000000474974513, 0.0010000000474974513, 0.0010000000474974513, 0.00010000000474974513, 0.00010000000474974513, 0.00010000000474974513, 0.00010000000474974513, 0.00010000000474974513, 0.00010000000474974513, 1.0000000656873453e-05, 1.0000000656873453e-05, 1.0000000656873453e-05], "final_train_accuracy": 0.9999194145202637, "final_val_accuracy": 0.999355137348175, "test_accuracy": 0.999355150733516, "test_precision": 0.9993565444999422, "test_recall": 0.999355150733516, "test_f1": 0.9993553327837784}